name,y_pred,y_obs,y
jose_kennedy,1.0,1.0,1
colleen_mcmillan,1.0,1.0,1
scott_sanders,1.0,1.0,1
frank_martin,1.0,1.0,1
jennifer_simmons,1.0,1.0,1
scott_stanley,1.0,1.0,1
mikayla_nelson,1.0,1.0,1
gary_brooks,1.0,1.0,1
vincent_clark,1.0,1.0,1
joseph_freeman,1.0,1.0,1
andrew_bennett,1.0,1.0,1
mark_young,1.0,1.0,1
jeremiah_rubio,1.0,1.0,1
michelle_watson,1.0,1.0,1
richard_hubbard,1.0,1.0,1
vincent_adams,1.0,1.0,1
laura_waller,1.0,1.0,1
connie_anderson,1.0,1.0,1
franklin_carlson,1.0,1.0,1
casey_phillips,1.0,1.0,1
maureen_morrison,1.0,1.0,1
kathleen_miller,1.0,1.0,1
karen_harris,1.0,1.0,1
jerry_martinez_md,1.0,1.0,1
tyrone_mckee,1.0,1.0,1
peter_callahan,1.0,1.0,1
jerry_bradley_md,1.0,1.0,1
emily_alexander,1.0,1.0,1
ricky_smith,1.0,1.0,1
lisa_smith,1.0,1.0,1
nicholas_moody,1.0,1.0,1
jill_sharp,1.0,1.0,1
bryan_gomez,1.0,1.0,1
kelsey_ramirez,1.0,1.0,1
monica_carr,1.0,1.0,1
meagan_boyle,1.0,1.0,1
dawn_fuller,1.0,1.0,1
deanna_perry,1.0,1.0,1
michael_smith,1.0,1.0,1
cody_torres,1.0,1.0,1
sean_foster,1.0,1.0,1
ryan_solomon,1.0,1.0,1
lindsay_rodriguez,1.0,1.0,1
robert_myers,1.0,1.0,1
diana_hall,1.0,1.0,1
traci_rowland,1.0,1.0,1
pamela_colon,1.0,1.0,1
william_moreno,1.0,1.0,1
larry_villarreal,1.0,1.0,1
helen_mcdonald,1.0,1.0,1
laura_phillips,1.0,1.0,1
karen_richards,1.0,1.0,1
ruben_thompson_jr.,1.0,1.0,1
jody_clark,1.0,1.0,1
lauren_rivera,1.0,1.0,1
aaron_christian,1.0,1.0,1
jessica_zuniga,1.0,1.0,1
grace_martin,1.0,1.0,1
james_long,1.0,1.0,1
deborah_baker,1.0,1.0,1
jeff_hines,1.0,1.0,1
andrew_sanders,1.0,1.0,1
michael_alexander,1.0,1.0,1
melissa_graham,1.0,1.0,1
patrick_ramsey,1.0,1.0,1
april_turner,1.0,1.0,1
chelsey_boyd,1.0,1.0,1
michael_armstrong,1.0,1.0,1
mrs._mary_hammond,1.0,1.0,1
cynthia_carpenter,1.0,1.0,1
robert_lopez,1.0,1.0,1
sarah_stark,1.0,1.0,1
madeline_scott,1.0,1.0,1
jorge_krause,1.0,1.0,1
lisa_powell,1.0,1.0,1
alexis_robinson,1.0,1.0,1
kayla_nolan,1.0,1.0,1
peter_mcdowell,1.0,1.0,1
scott_hurst,1.0,1.0,1
elizabeth_kennedy,1.0,1.0,1
kevin_wade,1.0,1.0,1
patricia_brown,1.0,1.0,1
ebony_sanchez,1.0,1.0,1
katherine_fletcher,1.0,1.0,1
nicole_ross,1.0,1.0,1
shawn_melendez,1.0,1.0,1
nicholas_simpson,0.6,,0
jill_matthews,0.28571428571428564,,0
lindsay_arnold,0.2758005608157003,,0
alexander_perry,0.22222222222028465,,0
jason_smith,0.22110424336278112,,0
charles_white,0.19999999998312468,,0
christopher_foster,0.19981937051918547,,0
leah_pena,0.17948717793845026,,0
kristen_lopez,0.17505030181086526,,0
theresa_white,0.16279070243353144,,0
jordan_martinez,0.14285715212511024,,1
samantha_nguyen,0.14285709754505702,,1
rebecca_brown,0.13725490196078433,,0
lorraine_banks,0.1260071620411817,,0
colleen_davis,0.12252923849209472,,0
amber_hernandez_dvm,0.11073523101291864,,0
jeremiah_castro,0.1000161119662737,,0
max_clark,0.10000099682514836,,0
sarah_stewart,0.09859154929577464,,0
terry_garza,0.091743138596721,,0
kenneth_johnson,0.08683974932855862,,0
terry_wells,0.08333333333939623,,0
julie_simon,0.08333333129492024,,0
william_phillips,0.07692307692307694,,0
mark_bell,0.07692307692307693,,0
colleen_wagner,0.07692307692307691,,0
gregory_krause,0.07681377866955963,,0
carol_garrett,0.06941431670276703,,1
danielle_castro,0.06779661022879349,,0
brenda_harper,0.06493547152252845,,0
matthew_bryant,0.06382978723404255,,0
jose_rodriguez,0.06306306306306304,,0
jeremiah_oconnell,0.06306006149898966,,0
lori_kirby,0.06305989149526021,,0
megan_smith,0.06305659699945827,,0
felicia_smith,0.062015500719396675,,0
allison_greene,0.06142318000328172,,0
luke_martinez,0.05882352941176471,,0
tanya_jimenez,0.058823529411764684,,0
paul_shepard,0.058823529407984215,,0
nancy_conrad,0.05882352939082499,,0
andrew_lewis,0.05454545454475807,,0
mackenzie_chapman,0.04878048780487805,,1
andrew_weaver,0.0442187942239953,,0
patrick_kirby,0.043478260869565216,,0
samuel_harris,0.043478260869565216,,0
charles_mccoy,0.0434782608460026,,0
jon_underwood,0.0434782533747012,,0
james_brown,0.04342268360706538,,0
karen_houston,0.04333288414686207,,0
michael_dickerson,0.04317321768914178,,0
tiffany_bailey,0.0409121395036888,,0
tony_cook,0.040000000000710974,,0
jennifer_stewart,0.03703703703703533,,0
paula_thompson,0.0303030303030303,,0
helen_walter,0.03030301705935572,,0
stacy_dixon,0.03030299303550838,,0
kyle_wang,0.029850746268656712,,0
bill_woodard,0.029850746268656712,,0
edwin_williams,0.02941339936585505,,0
lauren_casey,0.029411764705882363,,0
frank_williams,0.02755453501518567,,0
david_gomez,0.02721088435374149,,0
tina_smith,0.02721088435374149,,0
edward_hall,0.027210816421959324,,0
garrett_frank,0.02720991021332434,,0
jerry_harris,0.026610988199671573,,0
nicole_mays,0.026599539816631768,,0
gary_williams,0.02500062344245587,,0
allison_gregory,0.024404589966431103,,0
timothy_francis,0.02439024390243902,,1
brandon_cruz,0.024390142087115263,,0
jessica_gordon,0.02390200179265013,,0
megan_parsons,0.02366864479650809,,0
lisa_hays,0.023255813539417917,,0
joseph_wright,0.022243721870289727,,1
susan_short,0.022209356992529745,,0
benjamin_anderson,0.020557416538619762,,0
mitchell_griffin,0.020547945209043496,,0
wesley_baker,0.02054794520547985,,0
lauren_hammond,0.020547945205479454,,0
christine_jackson,0.020408163265306117,,0
james_gordon,0.0194640753828033,,0
philip_matthews,0.019455252686619597,,0
robert_steele,0.01886792452830184,,0
noah_morrow,0.018867924528274658,,0
madison_lewis,0.018867922722389487,,0
john_estrada,0.018867603753505845,,0
scott_ross,0.01883803051587017,,0
jeremy_cooper,0.01818092372822577,,0
kaitlin_gregory,0.01785714285714287,,0
russell_ware,0.017857142857142853,,0
kurt_lopez,0.01754385964844071,,0
amy_fletcher,0.017438516800178102,,0
william_cruz,0.016806722688428366,,0
martin_king,0.016704199643816833,,0
randy_sullivan,0.01625937116411016,,1
cody_wright,0.015974049301182895,,0
david_clark,0.015344556565980197,,0
alison_moore,0.01515151515151517,,0
pamela_williams,0.014925161846686541,,0
crystal_montgomery,0.01492425076989718,,0
ian_garcia,0.01492363005400006,,0
rachel_jones,0.014908553488023191,,0
michael_rogers,0.014084510441405306,,0
david_chavez,0.012926606277754849,,0
samantha_wolf,0.01282051281928668,,0
jon_taylor,0.012658206719078972,,0
gary_evans,0.012197123010446865,,0
caitlin_reeves,0.012162146753466913,,0
charles_larsen,0.011695905929198908,,0
denise_brooks,0.011693899638360214,,0
melanie_patrick,0.01155326738257371,,0
raymond_navarro,0.01140684410646388,,0
kevin_jordan,0.01123593366790845,,0
justin_miller,0.011235404792009402,,0
gina_holloway,0.011234922527536544,,1
debra_hughes,0.011223239900454228,,1
erica_thomas,0.01030927732441177,,0
tricia_hamilton,0.009999999719529308,,0
shelly_craig,0.009901052832672815,,0
matthew_butler,0.009844501850595691,,0
jasmin_castro,0.009628610729023384,,0
debbie_bryan_md,0.008937500022065212,,0
victor_serrano,0.008921912548683813,,0
michael_guzman,0.00886881573702843,,0
patricia_foster,0.008849557520746842,,0
kelly_lewis,0.008849557202572755,,0
david_pitts,0.008849550304939896,,0
thomas_williams,0.008343265792610107,,0
jeff_ferguson,0.008343214784124902,,1
amanda_thompson,0.00834293122310216,,0
darrell_pineda,0.008016033296963708,,0
stephanie_johnson,0.007751937978947855,,0
hailey_solomon,0.00765706794921812,,0
melissa_mclean,0.007654319193863558,,0
jennifer_osborne,0.0076335877862595426,,0
sarah_kennedy,0.007533507394209416,,0
zachary_hernandez,0.006942428002004042,,0
angela_marshall,0.006837965075452312,,0
victoria_hernandez_md,0.006772009029345372,,0
nancy_payne,0.006753246953744679,,0
shane_hodges,0.0064498552010630655,,0
michael_fitzgerald,0.0063694267083878285,,0
rebecca_wilson,0.006369406746746699,,0
tiffany_estrada,0.006152748009676861,,0
shannon_todd,0.0061351297807308285,,1
diana_alexander,0.005917159763313609,,0
darren_cox,0.005917159763313609,,0
james_smith,0.005737754070601154,,0
beverly_tran,0.005704925606927729,,0
william_hays,0.005674097540656159,,0
kimberly_lam,0.005649712869558208,,0
tracy_morrison,0.0055632823365785785,,0
jennifer_nguyen,0.00546448087431694,,0
brittany_phillips,0.005464480874281572,,0
melissa_stewart,0.005464480874190135,,0
arthur_scott,0.005464480515418941,,0
andrea_moss,0.005464471784999542,,0
jose_gray,0.00546444718424416,,0
amanda_potts,0.005464180048510992,,0
sean_webster,0.005184889645254686,,0
brandon_burgess,0.005060086272943139,,0
alison_walker,0.004784688578975861,,0
cesar_elliott,0.004784662816409309,,0
brian_smith,0.00478150383736486,,0
sharon_ward,0.0046396299080326935,,1
patrick_riggs,0.004149377593359232,,0
matthew_moore,0.0039291394609074146,,0
justin_knight,0.0039018917011223726,,0
jose_benitez,0.003886782746929236,,0
yvonne_friedman,0.003775989575041239,,0
janet_young,0.0035897245211405117,,0
matthew_aguirre,0.0034858678416618072,,0
renee_mcfarland,0.0034856570477209644,,1
joseph_garcia,0.003276539406862244,,0
peter_stewart,0.003236212857676113,,0
john_gordon,0.0032184740212687878,,0
willie_marshall,0.003180176707204493,,0
melissa_hess,0.0029962546183365624,,0
tanya_walters,0.002983657392379919,,0
jeffrey_davis,0.002949852507374632,,0
cynthia_berry,0.002750003658751045,,0
harold_ryan,0.002719854964234673,,1
elizabeth_thompson,0.002660950362992477,,0
stacy_carter,0.0025704578599255244,,0
jeremiah_brown,0.002545749295857275,,0
alexandra_chavez,0.0025208749365412233,,0
tim_morgan,0.00242917188985777,,0
heidi_mills,0.0023979997907289264,,0
elizabeth_ramirez,0.00235570483887112,,0
cameron_daniel,0.0022138415686442825,,1
elizabeth_leon,0.0021691973969631237,,0
jacob_johnson,0.0021653453982657844,,0
charles_rivers,0.002147073878845035,,0
danny_simpson,0.002147071441703733,,0
leslie_spencer,0.0021436966590327408,,0
david_rodriguez,0.0021261515706309663,,0
jason_blake,0.002124453174359315,,0
peter_johnston,0.002086622225564281,,0
tracy_patterson,0.0019797651884546786,,1
benjamin_cole,0.0018888119144029106,,0
jonathan_johnson,0.0017825311943231793,,0
latoya_mata,0.0017724192491081448,,0
victor_hill,0.0017452006980802795,,0
brianna_lopez,0.001692404005248455,,0
curtis_sanchez,0.0016638798686676355,,0
jordan_dean_dvm,0.0016557702408059487,,0
martin_baker,0.0016201140161848607,,0
sierra_lee,0.0015999999999999994,,0
ross_donovan,0.0015709544305720859,,0
susan_barrett,0.0015456840852142355,,0
keith_garcia,0.001499147985934975,,0
amanda_jones,0.0014280847392165864,,1
samuel_cooley,0.0014224751069469089,,0
jennifer_harrell,0.0013869625520110964,,0
krystal_bell,0.0013717421124828538,,0
jonathan_porter,0.0013655198392767453,,0
frederick_jimenez,0.0013540142857059096,,1
wendy_lynch,0.0012698233114733944,,0
samantha_duncan,0.0012478240533850965,,0
tyler_hart,0.0011696546632832961,,0
mary_dalton,0.0011395242978890373,,0
rachel_hinton,0.001117357168153599,,0
peter_hester,0.001112438493229522,,0
jason_chapman,0.0011116302986466278,,0
luis_robertson,0.0011007154650502263,,0
anthony_randall,0.001097694840834247,,0
kelly_vance,0.0010810813592693586,,0
erin_campbell,0.0010667968381547477,,0
lisa_garcia,0.0010600706713780929,,0
mary_clark_dds,0.0010404786048056672,,1
amanda_cohen,0.0009980039920146934,,0
amanda_curtis,0.000997917467476993,,0
john_price,0.0009961845901570998,,0
loretta_townsend,0.0009806072331718849,,0
david_atkinson,0.0009756194051875844,,1
johnathan_velazquez,0.0009602551336209057,,1
ricky_torres,0.0009460734116140203,,1
raymond_guerra,0.0009291844496652523,,0
mr._seth_cook,0.0009095038260887957,,0
melissa_patel,0.0008975191226748364,,0
dana_gordon,0.0008915953444987887,,0
anthony_parker,0.0008727976119342018,,0
haley_patrick,0.0008588516299625483,,1
jason_simmons,0.0008515442146030455,,0
pamela_smith,0.0008506931488767854,,0
carly_sullivan,0.000825674792375219,,0
katherine_moore,0.0008028078718444277,,0
mary_parker,0.0007938022622831777,,0
amanda_spears,0.0007907638779060659,,0
sarah_robinson,0.0007860792573044508,,0
randy_yates,0.0007738130711280298,,1
jason_thomas,0.0007686395182072434,,0
james_silva,0.0007624171652637427,,0
anthony_everett,0.0007486908991439187,,0
latoya_turner,0.000744769512902608,,0
lori_huff_dvm,0.0007239916308749441,,0
teresa_wagner,0.0007189540736513897,,0
anne_french,0.0007081206531148153,,0
wesley_spencer,0.0007055578030843596,,0
margaret_reynolds,0.0007037673051477381,,0
elizabeth_smith,0.0006927933657537301,,0
tom_gonzalez,0.000685897408339693,,0
frederick_garza,0.0006814713057401978,,0
holly_crane,0.0006503764284003648,,0
sherri_rogers,0.0006246096189881324,,0
denise_burnett,0.0006246096189881324,,0
richard_oneal,0.0006246096053163964,,0
bradley_nelson,0.0006242498381774497,,0
anthony_bird,0.0006192101982990456,,0
jeffrey_ruiz,0.0005602354301406465,,1
joseph_krause,0.0005507695369189495,,1
michelle_moore,0.0005070468283259242,,0
heidi_benson,0.0004910645389401969,,0
michael_harris,0.0004878021024048008,,0
trevor_young,0.00048202063158999807,,0
grace_davis,0.00047326076335104804,,0
crystal_mejia,0.0004732573008305664,,1
william_marks,0.0004542140894295617,,0
julian_ayala_md,0.0004513547047655753,,0
harry_mcguire,0.000446421625236448,,0
adam_french,0.0004368715933833473,,0
eugene_nelson,0.0004368684813976322,,1
angela_jones,0.0004118406018625125,,0
patrick_morris,0.0004056795131845821,,0
angela_vargas,0.0003844675123419799,,0
annette_mcclure,0.00037188543955336947,,0
jonathan_cox,0.000366998128477896,,0
roy_morgan,0.00036002329919666235,,0
john_charles,0.00035256740333348166,,0
alexa_pruitt,0.00033998575465338536,,0
margaret_bailey,0.0003365870129262516,,1
shannon_glover,0.0003177626039198433,,0
caitlin_rodriguez,0.00031227744776667467,,0
jacob_jones,0.000308985360365576,,0
dana_clark,0.00030584399266276485,,0
victor_bell,0.0003033466707907917,,0
stephen_townsend,0.0003029385034837928,,0
ashley_johnson,0.00027465503589002224,,0
jaime_rodriguez,0.00027464986958554086,,0
maria_jackson,0.00026888945621726174,,0
heather_fox,0.00026885884441064684,,0
jody_cole,0.0002484600988116357,,0
robert_hanson,0.0002479324648993491,,0
debra_smith,0.00024643522050777267,,0
james_dickson,0.000244150167360902,,0
crystal_conley,0.0002427540960301588,,0
mario_fisher,0.00024044238994450385,,0
april_soto,0.00023668635086021401,,1
jill_ferguson,0.00023071598861801134,,0
jackie_martin_dvm,0.00022830590311960128,,0
susan_hogan,0.00022722116251690263,,0
jean_jackson,0.0002263956011052397,,0
monica_brown,0.00021640337585112504,,0
james_benton,0.00021336747682478336,,0
samantha_shaffer,0.00019971151252755372,,1
george_allen,0.00019619388028820463,,0
amanda_morgan,0.00019468967555307833,,1
lindsay_archer,0.00019409977567136537,,0
mark_christian,0.000184440591687127,,0
matthew_smith,0.000180356870133019,,0
emma_gillespie,0.0001747946177466988,,0
eduardo_shields,0.00017210593120065468,,0
brandy_sims,0.00016801547803130094,,0
robert_jones,0.0001666388878932333,,0
dustin_franklin,0.00016230284284270366,,0
eugene_ibarra,0.0001569531348133673,,0
mr._jacob_flynn_jr.,0.00015608120770363372,,0
courtney_esparza,0.00015385758600933025,,0
kim_jones,0.00015255142254013565,,0
kelsey_nguyen,0.0001514407767299737,,0
gwendolyn_english,0.00014878738261841148,,0
amanda_smith,0.000148037204776,,0
taylor_russell,0.00014790765287315863,,1
alexis_phillips,0.00013734471905113994,,0
brandi_meyer,0.00013734355397437113,,0
christian_jackson,0.00013556819259646083,,0
tara_bonilla,0.00013366863205700592,,0
kimberly_thomas,0.00013068358121953082,,0
brett_bowen,0.00012911545204837493,,0
justin_zimmerman,0.0001275347714372662,,0
jennifer_torres,0.0001270003010069303,,0
laura_vasquez,0.00012639902031731434,,0
meredith_rios,0.00011835694205528077,,1
meghan_johnson,0.00011772554249164597,,0
debra_mendoza,0.00011713937747761631,,0
carolyn_barnes,0.00011594202898456492,,0
shaun_hubbard,0.00011362345187906203,,0
bryan_george,0.00011285685555266079,,0
christine_young,0.00011266895804948848,,0
jason_haynes,0.00011159469075920349,,0
david_sharp,0.00011016253466201543,,0
cody_berry,0.00010916646354710225,,0
jennifer_li,0.00010894305435500752,,0
james_church,0.00010816940968946115,,1
troy_brown_dds,0.00010301136558733652,,0
jonathan_daniels,9.860930502134456e-05,,0
melanie_hughes,9.614453532537438e-05,,0
sierra_montoya,9.334454177057096e-05,,1
kevin_robinson,8.83496529432201e-05,,0
lynn_mccarthy,8.720846609426886e-05,,0
antonio_cooper,8.584427019947622e-05,,0
leslie_daugherty,8.570693940519385e-05,,0
michael_walker,8.116075526794243e-05,,0
rebecca_doyle,7.934699477784713e-05,,0
breanna_diaz,7.895756557858613e-05,,0
cynthia_smith,7.460838599277404e-05,,0
ernest_walker,7.107385644556284e-05,,0
meghan_carter,7.04373947320485e-05,,0
tammy_brown_md,6.851822497792596e-05,,0
rachel_branch,6.75438061799895e-05,,0
kimberly_russell,6.689023443986417e-05,,1
jay_walsh,6.555513288590949e-05,,0
stephanie_park,6.068877854490485e-05,,0
jennifer_cunningham,5.9275233856221766e-05,,0
tracy_bradshaw,5.9164920792663625e-05,,0
alex_perez,5.786701442788136e-05,,0
carol_bush,5.5420397182302673e-05,,0
lisa_russell,5.4629877085789e-05,,0
matthew_cohen,5.3328201326981814e-05,,1
diana_lee,5.287328401262901e-05,,0
allison_cummings,5.113381419321073e-05,,0
dominique_shaffer,5.021253019007456e-05,,1
jamie_riley,4.994755506715995e-05,,0
tony_johnson,4.89386565294108e-05,,0
james_romero,4.536213774148075e-05,,0
brian_cortez,4.464086517564705e-05,,0
ronald_stewart,4.4640864252391264e-05,,0
russell_sutton,4.456168874284883e-05,,0
cody_johnson,4.198781310397008e-05,,0
nathaniel_hood,3.9558689989761185e-05,,1
matthew_barnes,3.873815461859965e-05,,0
john_rogers,3.549414108385317e-05,,0
david_ruiz,3.476124501743324e-05,,0
nancy_sanchez,3.4431889335397754e-05,,0
michael_romero,3.417689815634337e-05,,0
mark_west,3.246649338468214e-05,,0
jorge_reynolds,3.1249007903956554e-05,,0
sarah_lopez,3.1071435074503525e-05,,0
bryce_cain,2.958367178978089e-05,,0
connie_fisher,2.9547628682035176e-05,,0
micheal_sims,2.883089380632415e-05,,0
maria_bullock,2.7471706724029285e-05,,0
jeffery_clark,2.6223088555370166e-05,,0
dustin_joseph,2.5922527447990984e-05,,0
christopher_watts,2.5824710775047447e-05,,0
wesley_molina,2.2550502600131302e-05,,0
joseph_martin_dvm,2.2301151367905578e-05,,0
jordan_alvarez,2.2136464015618358e-05,,0
michael_rojas,2.203808068446965e-05,,0
courtney_rangel,2.113227070880155e-05,,0
stephanie_davis,2.0603502596653178e-05,,0
selena_navarro,2.034960623185992e-05,,0
michael_gomez,1.9866102469354507e-05,,0
henry_poole,1.949936862399756e-05,,0
tammy_lopez,1.8310187396680787e-05,,0
kevin_harper,1.782163568459233e-05,,0
michelle_owens,1.7658768184584163e-05,,0
phillip_hicks,1.7489938091874598e-05,,0
sarah_johnson,1.7170647965095364e-05,,0
kevin_johnson,1.5774991528654807e-05,,0
kenneth_williams,1.5653617345350673e-05,,0
miguel_allen,1.5411348015353604e-05,,0
jessica_bryant,1.532146883730444e-05,,0
casey_wilson,1.5109498601127703e-05,,0
zachary_beasley,1.5025910262451395e-05,,0
randy_wheeler,1.502372708952506e-05,,0
ronald_lopez,1.3907773358471587e-05,,0
teresa_cardenas,1.3412479125826304e-05,,0
alexa_ewing,1.3111671716229496e-05,,0
eric_stone,1.29894424962136e-05,,0
megan_james,1.2327272376629536e-05,,0
jacqueline_middleton,1.1950406950901163e-05,,0
ronald_ward,1.1926098335527706e-05,,0
jared_carter,1.1058884775923288e-05,,1
alexander_wells,1.083615242440309e-05,,0
jennifer_morales,1.0733087232224393e-05,,0
nathaniel_henry,1.04122197637287e-05,,0
carrie_martin,1.0293803054285711e-05,,0
sheila_medina,1.0085965965867693e-05,,0
alicia_washington,9.842736221252914e-06,,0
crystal_smith,9.157429979240566e-06,,0
harold_jackson,8.8884938447825e-06,,0
brittany_baldwin,8.864816883500823e-06,,0
stephanie_bell,8.816444094935774e-06,,0
jason_ayers,8.522654079844298e-06,,0
lee_bass,8.433705989904761e-06,,0
james_martin,8.196094812195371e-06,,0
tony_warren,7.263635255814926e-06,,0
adrian_pineda,6.94320849065455e-06,,0
kimberly_anderson,6.904986825845297e-06,,0
jonathan_martin,6.90373421588079e-06,,0
melissa_osborne,6.8898891410944715e-06,,0
amber_wright,6.410215200943824e-06,,0
rebecca_neal,6.377511509873568e-06,,0
debra_aguilar,6.2450351566658725e-06,,0
douglas_luna,6.226113776197775e-06,,0
corey_burns,6.2210534251838175e-06,,0
mary_sims,6.050098982154327e-06,,0
joseph_blair,5.7231758987424245e-06,,0
lindsay_moore,4.757899498869965e-06,,1
mr._joseph_elliott,4.444677005922685e-06,,0
sean_romero,4.316957745859588e-06,,0
joseph_fuentes,4.27210777880206e-06,,0
derek_fox,4.087585049879233e-06,,0
susan_davis_phd,3.713453163920183e-06,,0
michael_jordan,3.612193941095623e-06,,0
alexander_munoz,3.4960730318890695e-06,,0
melinda_waller,3.4450239481882583e-06,,0
alicia_walker,3.4224067367566544e-06,,1
pamela_howard,3.163333340354605e-06,,0
marc_key,3.1069074289582735e-06,,1
christopher_powell,3.000635847936717e-06,,0
jeffery_knight,2.964621468469365e-06,,0
chad_foster,2.95252591741893e-06,,0
christopher_lewis,2.9052604719433328e-06,,0
brian_hamilton,2.904057439454698e-06,,0
ivan_kramer,2.7962545399980955e-06,,0
james_turner,2.781030256553388e-06,,0
michael_camacho,2.6412072827921416e-06,,0
jimmy_moore,2.5850521395943526e-06,,0
jessica_simon,2.5031554923836216e-06,,0
kimberly_smith,2.4470426058848253e-06,,0
shelley_wells,2.428285141985672e-06,,0
tina_fields,2.428121543202517e-06,,0
leah_brooks,2.366467162532878e-06,,0
donald_thomas,2.339431156806076e-06,,0
jennifer_singh,2.2806287175591444e-06,,0
stephanie_martin,2.225782104206888e-06,,0
felicia_walker,2.1647749585037915e-06,,0
megan_coleman,2.075335126269172e-06,,0
grace_roberts,2.0590410775207626e-06,,0
gloria_murray_dvm,1.8826192191626862e-06,,0
jeremy_parks,1.8374900314810505e-06,,0
richard_mendoza,1.7420105794721588e-06,,0
hannah_miller,1.7384926958891964e-06,,0
lisa_johnson,1.5372840231206603e-06,,0
elaine_becker,1.502349372204289e-06,,0
carmen_lopez,1.447160044064579e-06,,0
jennifer_summers,1.398148404022938e-06,,0
veronica_gibson,1.364090734888649e-06,,0
danielle_duncan,1.3451255893790725e-06,,1
richard_morales,1.1624544298467586e-06,,0
miguel_barrett,1.153703098455534e-06,,0
makayla_mitchell,1.1443985069769236e-06,,0
jennifer_carney,1.074771299246445e-06,,0
claudia_moore,1.0683513554320049e-06,,0
kenneth_lewis,9.840623126266262e-07,,0
rodney_walker,9.344559035365112e-07,,0
debra_miller,8.625257628872999e-07,,0
aaron_powell,8.47724006009324e-07,,1
patricia_baker,8.301195204547033e-07,,0
james_hernandez,8.17349686063939e-07,,0
gina_roberts,7.880917180293201e-07,,0
cassandra_hernandez,7.848033338222566e-07,,0
christopher_benjamin,7.826035277823969e-07,,0
joshua_smith,7.375071284085071e-07,,0
anthony_martin,7.354391594015431e-07,,0
amanda_quinn,6.491864333895103e-07,,0
ryan_gross,6.456607387799522e-07,,0
christopher_montgomery,6.243760787962432e-07,,0
emily_jones,5.679142866486732e-07,,0
james_carter,5.668933179885579e-07,,0
bryan_carpenter,5.485276163959223e-07,,0
chris_martin,5.267598439425449e-07,,0
aaron_pope,4.995062685586793e-07,,0
erika_hill,4.876318435339324e-07,,0
shelby_woods,4.584403353918585e-07,,0
miguel_reynolds,4.5151109473393573e-07,,0
regina_bowman,4.297061090386493e-07,,0
hannah_mitchell,4.058437348535112e-07,,0
jeffrey_thornton,3.973674595866562e-07,,0
leslie_moore,3.8135205424523504e-07,,0
daniel_morris,3.471885498134123e-07,,0
michael_fischer,3.409405873528914e-07,,0
christopher_medina,3.361958527414412e-07,,0
rachel_davis_dvm,3.29589664289734e-07,,0
troy_hughes,3.28720240264026e-07,,0
pamela_price,3.2519610431579837e-07,,0
margaret_keith,3.2268642473884094e-07,,0
robert_tran,3.151895187365718e-07,,0
michael_joseph,2.981109276912271e-07,,0
jennifer_marshall,2.730202300678687e-07,,0
anthony_crane,2.362642091395236e-07,,0
lisa_hoffman,2.3413806621969237e-07,,0
danielle_williams_dds,2.2609360823776532e-07,,0
martin_payne,2.2315289569206046e-07,,0
felicia_davidson,2.1921001898630372e-07,,0
teresa_bird,2.072050758610444e-07,,0
victoria_white,1.8749996487026913e-07,,0
michelle_stephens,1.7158005970552332e-07,,0
molly_davis,1.7062613928653e-07,,0
tiffany_perry,1.6663936928301113e-07,,0
benjamin_jones,1.6657795884356732e-07,,0
jacob_torres,1.6074935598604847e-07,,0
faith_bennett,1.5059633334269965e-07,,0
david_reeves,1.2752088997680955e-07,,0
daniel_cox_dds,1.2494150261548974e-07,,0
samantha_wang,1.1998300702819081e-07,,0
kevin_peterson,1.159339498818457e-07,,0
michael_liu,1.083487745673033e-07,,0
allen_bailey,1.0626916517457726e-07,,0
megan_rodriguez_dds,1.0460851641984833e-07,,0
debra_nolan_dds,1.0172172858951829e-07,,0
jessica_williams,8.655852911556164e-08,,0
richard_campbell,8.137908079597263e-08,,0
deborah_taylor,6.500008309348137e-08,,0
nicholas_bates,6.3920359043609e-08,,0
connie_decker,6.039706778449014e-08,,0
sean_park_dds,5.896414766734923e-08,,0
lisa_reese,5.853521137866386e-08,,0
raymond_stevenson,5.812869835936345e-08,,0
frederick_hoffman,5.694742924006367e-08,,0
brenda_benton,5.618318707954804e-08,,1
ashley_arnold_md,5.480095708369744e-08,,0
gregory_meza,5.086259501700793e-08,,0
jessica_jacobson,5.0589765925020825e-08,,0
william_meyers,5.017908863812432e-08,,0
dr._michael_garza_jr.,4.4661289098791645e-08,,0
stephanie_ewing,4.3706291182234815e-08,,0
sydney_wagner,4.3207123562503305e-08,,0
shari_butler,4.236018735557996e-08,,0
ryan_casey,3.8160062077537104e-08,,0
charles_valencia,3.685805885625194e-08,,0
john_rowe,3.6793562225515664e-08,,0
oscar_monroe,3.6489869089054284e-08,,1
rachel_golden,3.353272068654389e-08,,0
michelle_maldonado,3.1249999023450215e-08,,0
melissa_barnes,2.8099777059319794e-08,,0
matthew_lang,2.7346538946045095e-08,,0
michael_khan_dds,2.6902446816641152e-08,,0
matthew_rojas,2.5682123704451025e-08,,0
stephen_burnett,2.4588138461222148e-08,,0
regina_gray,2.4157603829477342e-08,,0
barbara_sullivan,2.230423965945228e-08,,0
robin_coleman,2.1462133023563064e-08,,1
bradley_rush,2.051530014452174e-08,,0
lisa_chung,2.031686751113617e-08,,0
george_wade,1.928305393386153e-08,,0
cynthia_booker,1.8491122903534077e-08,,0
theresa_smith,1.7693392422308655e-08,,0
mrs._amy_white_phd,1.5946399590474947e-08,,0
brian_lopez,1.56613660220447e-08,,1
jeffery_tran,1.4063007899992248e-08,,0
michael_marsh,1.3273070947962032e-08,,0
amber_hernandez,1.264643286752051e-08,,0
daisy_mcfarland,1.2357240542292693e-08,,0
shawn_smith_dds,1.2195233621592044e-08,,0
christopher_wiley,1.1333977217954632e-08,,0
jonathan_snyder,1.0265010988877595e-08,,0
cindy_howard,9.243899236802426e-09,,0
sherry_everett,9.17023840566684e-09,,0
john_benitez,9.139537848031562e-09,,0
janet_aguirre,8.0000567261018e-09,,0
angela_patterson,7.247157304284652e-09,,0
mitchell_bennett,7.122464011329419e-09,,0
deborah_williams,7.11628011679423e-09,,0
martha_clark,6.600935197153654e-09,,0
alexandria_jones,6.288344610174743e-09,,0
mark_richardson,5.762939897910583e-09,,0
joshua_branch,5.716678688116537e-09,,1
jared_johnson,5.441636462792573e-09,,0
kevin_houston,5.362352923783211e-09,,0
brandon_meyers,4.980193191299742e-09,,0
andrew_alexander,4.72934263423721e-09,,0
rachel_martin,3.6141965510434544e-09,,0
janet_foster,3.2949781311613048e-09,,0
samuel_hayes,3.2746531619980296e-09,,0
richard_higgins,2.764352523590431e-09,,0
marcus_moore,2.732906307133884e-09,,0
jake_garcia,2.6968985128874107e-09,,0
michael_west,2.0876744472672904e-09,,0
andrea_davis,2.0672382076274922e-09,,0
patrick_marshall,1.9150780697068086e-09,,0
nicholas_barrett,1.714205736843784e-09,,1
joshua_butler,1.6176834904719278e-09,,0
reginald_garrison,1.5726288247987515e-09,,0
jason_kelly,1.5593767188363776e-09,,0
erik_stokes,1.5369436162916662e-09,,0
sharon_maddox,1.4060119320236718e-09,,0
lindsay_rocha,1.3008257380502958e-09,,0
megan_lopez,1.1966051827318956e-09,,0
billy_banks,1.1345083117970155e-09,,0
kenneth_brown,1.0912973802372884e-09,,0
joseph_snyder,9.747064586725385e-10,,0
kyle_young,9.456534550246046e-10,,0
kelsey_brewer,9.33188853415122e-10,,0
adam_king,9.281451221481779e-10,,0
amanda_perry,9.08704992135974e-10,,0
michael_brown,8.771442601610854e-10,,0
julie_mendoza,8.10946896594843e-10,,0
derek_taylor,6.891607298002582e-10,,0
nicole_finley,6.412790442029707e-10,,0
emily_thompson,6.394997238788283e-10,,0
ryan_hartman,6.081235522145861e-10,,0
paul_walker,5.879055736107005e-10,,0
ariel_duran,5.15578380337958e-10,,0
kelly_andrews,4.857517274865439e-10,,0
kevin_may,3.069738264592165e-10,,0
kimberly_morrison,2.9330904866132254e-10,,0
kimberly_padilla,2.602714094214848e-10,,0
john_cuevas_md,2.418402855480005e-10,,0
margaret_santiago,1.7610965564466896e-10,,0
rebecca_crawford,1.730466043195731e-10,,0
jennifer_lynch,1.6026609250720838e-10,,0
derek_moore,1.504947067406216e-10,,0
lynn_hall,1.2298984748908592e-10,,0
heather_bird,1.2081313789491488e-10,,0
william_delacruz,1.0979137629685516e-10,,0
justin_young,1.0545417404992029e-10,,0
john_boyd,9.005450380701105e-11,,0
amanda_white,8.5539725056183e-11,,0
pamela_gibbs,8.122840104246364e-11,,0
sherry_cardenas,7.646476830205773e-11,,0
andrea_robinson,6.718835377390288e-11,,0
misty_sanchez_md,5.3603612790117214e-11,,0
tanner_garner,5.3589656512438345e-11,,0
edwin_mack,5.216272622086256e-11,,0
mrs._elizabeth_mcdonald_md,4.917597231004066e-11,,0
norman_gonzalez,4.815396936219496e-11,,0
stephanie_mosley,4.4276185217633406e-11,,0
jessica_carter,4.302419953355835e-11,,0
raymond_adams,3.827371342872847e-11,,0
brian_jenkins,3.6384782411879906e-11,,0
john_zuniga,3.274246003385915e-11,,0
james_black,2.7022998805938556e-11,,0
chelsea_smith,2.196837010505597e-11,,0
deanna_roberts,1.6983281794438186e-11,,0
taylor_johnson,1.5522721557500975e-11,,0
jennifer_wilkerson,1.3758888358795705e-11,,0
andrew_grimes,1.165389268250878e-11,,0
steven_richards,1.0615923998025793e-11,,0
carolyn_campbell,1.0247915796507179e-11,,0
eric_odom,1.0134516861357274e-11,,0
mrs._mary_johnson,9.196562409499637e-12,,0
heather_clark,8.481543410893769e-12,,0
carrie_phillips,6.626997324445662e-12,,0
michael_price,6.498447815439594e-12,,0
gregory_foster,3.6199971528348828e-12,,0
brandi_duncan,2.6578984878130783e-12,,0
matthew_martinez,2.6314319885662384e-12,,0
cynthia_pena,2.4332227573362006e-12,,0
sabrina_clark,2.4238115548662987e-12,,0
rhonda_randall,2.384593700770616e-12,,0
jack_lopez,2.355533199747966e-12,,0
luis_hansen,2.2672081219088302e-12,,0
veronica_collier,1.745209072063319e-12,,1
ronald_thomas,1.6995621097493204e-12,,0
steven_adams,1.613883473714005e-12,,0
angela_cordova,1.5941790401372584e-12,,0
matthew_graves,9.234540533031244e-13,,0
david_decker,7.105810191126654e-13,,0
justin_edwards,6.915032496392057e-13,,0
sandra_rivas,5.973285543409301e-13,,0
hannah_anderson,4.919600041751889e-13,,0
jessica_huffman,4.231983603729457e-13,,0
julia_jones,4.1243338505148296e-13,,0
thomas_barnes,3.494737835341677e-13,,0
natasha_conway,3.410901702337389e-13,,0
brandy_garner,3.223284229391553e-13,,0
kara_medina,2.295218628828321e-13,,1
andrew_perez,2.1171817291418688e-13,,0
brittney_harding,1.662787126520977e-13,,0
alan_williams,1.2397684538113076e-13,,0
brian_elliott,8.70100757752682e-14,,1
katherine_berry,8.460174050112307e-14,,0
edward_collier,6.580094751502962e-14,,1
kimberly_maynard,6.097417813098784e-14,,0
jessica_torres,5.2507377899103586e-14,,0
mary_cooper,4.496244870970044e-14,,0
natalie_young,3.4388150247405275e-14,,0
jeffrey_king,3.1991175335222536e-14,,0
tina_spears,2.754617051350112e-14,,0
andrew_black,2.604227503356737e-14,,0
karen_mcdaniel,2.5251984430501842e-14,,0
patrick_saunders,2.5019654165942713e-14,,0
joseph_trevino,2.5005072644452602e-14,,0
mr._ryan_sanchez,1.9409758194511032e-14,,0
jessica_coleman,1.204790409528373e-14,,1
william_castro,7.206037458597645e-15,,0
morgan_williams,6.0182309611045415e-15,,0
pamela_kelley,5.481730620716255e-15,,0
jennifer_miller,5.214011687316657e-15,,0
corey_bender,4.330232443273286e-15,,0
ruben_mccoy_phd,4.239716119220656e-15,,0
gary_snyder,4.176806705289573e-15,,0
christopher_johnson,3.795275579979153e-15,,0
daniel_rangel,3.5142039300513153e-15,,0
randy_rodriguez,3.5028772321624716e-15,,0
traci_cooper,2.972638271613871e-15,,0
misty_ramsey,2.642930845585148e-15,,0
caroline_branch,2.2602288622634374e-15,,0
sarah_wilkins,2.054533413244733e-15,,0
edward_gonzales,2.0403873369213627e-15,,0
james_webb,1.894125884148892e-15,,0
keith_scott,1.0883412405526563e-15,,0
diana_stone,7.604030935761957e-16,,0
lauren_ramirez,6.773410157140412e-16,,0
mark_fuller,5.134366095770357e-16,,0
ashley_rogers,4.877806870226328e-16,,1
edward_walker,4.037742160498607e-16,,0
justin_riley,3.8596454147155837e-16,,0
jennifer_aguilar,3.1905509929180766e-16,,0
amber_bennett,2.9945153708230874e-16,,0
robert_barton,2.238489148366957e-16,,0
michael_adams,2.0931789037697974e-16,,0
gary_barrett,1.7021854846234394e-16,,0
christopher_gilmore,1.4684329537377347e-16,,0
michael_stewart,1.3892426249550632e-16,,0
hayley_moore,1.184920408327873e-16,,0
lance_haynes,1.1625718027493982e-16,,0
lori_bennett,7.753014498654192e-17,,0
michael_powell,4.700563078014539e-17,,0
laura_perry,4.2712345343854175e-17,,0
brian_olsen,2.289983364306527e-17,,0
elizabeth_vaughn,1.907991853988268e-17,,0
christopher_anderson,1.2514076909325724e-17,,0
curtis_richmond,7.310525478484967e-18,,0
elizabeth_perry,6.973702092900492e-18,,0
sandra_thompson,3.710351712811292e-18,,0
jerry_garcia,1.917013916217399e-18,,0
carolyn_clark,1.3417918760162895e-18,,0
thomas_harris,1.3376296642107934e-18,,0
donald_williams,1.3254626771910478e-18,,0
cynthia_dougherty,1.2166457004012048e-18,,0
stacy_brown,8.260375551229915e-19,,0
dr._samuel_sharp_dds,6.038948420050856e-19,,0
walter_johnson,4.219737962533581e-19,,0
kevin_kelly,3.979654599804359e-19,,0
anthony_stephens,3.5896739215491684e-19,,0
andrew_terry,2.329377940445489e-19,,0
raymond_west,2.2333284585576235e-19,,1
carlos_terry,2.1326530638878703e-19,,0
joshua_hernandez,1.6204203667711675e-19,,0
sonya_bowers,9.814126277210636e-20,,1
jamie_bennett,7.514385614903173e-20,,0
jessica_smith,7.458055260153597e-20,,0
jennifer_cox,5.96766771574623e-20,,0
timothy_tucker,3.6210660322780034e-20,,0
jesse_perry,3.606390933427752e-20,,0
kenneth_allen,2.559616733064212e-20,,0
james_davis,1.4634079690533378e-20,,0
laura_salazar,1.4389333317899417e-20,,0
leslie_moreno,6.866516456881049e-21,,0
justin_burton,5.099577437594439e-21,,0
trevor_ford,4.223365121657099e-21,,0
jennifer_washington,3.2091608706406253e-21,,0
jason_ochoa,3.1040682844941966e-21,,0
vanessa_camacho,7.089171220977953e-22,,0
shannon_ford,6.822524288782203e-22,,0
julie_gibson,1.9521523321280029e-22,,0
katie_alexander,1.9402475848222487e-22,,0
thomas_martinez,1.5258244485546074e-22,,0
heather_strong,7.589891032369816e-23,,0
michael_solomon,4.348466450097081e-23,,0
anne_thompson,1.0788778055586594e-23,,0
kenneth_gross,6.686632140618647e-24,,0
luis_armstrong,2.7092971372076754e-24,,0
daniel_levine,2.475488124909933e-24,,0
sherri_hart,2.029674686264097e-24,,0
christopher_marquez,1.5679047537316947e-24,,0
raymond_allen,4.501572273693869e-25,,0
albert_turner,9.864635536408796e-27,,0
debbie_fernandez,3.870473794977167e-27,,0
kristina_wilcox,4.292947384785835e-28,,0
jennifer_obrien,2.9382642986326344e-28,,0
martha_ramirez,2.0758792972902053e-28,,0
courtney_clark,3.481389675345771e-37,,0
jordan_green,0.0,0.0,0
robert_snyder,0.0,0.0,0
andrew_james,0.0,0.0,0
john_larson,0.0,0.0,0
regina_martinez,0.0,0.0,0
steven_harris,0.0,0.0,0
bryan_barker,0.0,0.0,0
amanda_murphy,0.0,0.0,0
joseph_tapia,0.0,0.0,0
danielle_lynch,0.0,0.0,0
daniel_leon,0.0,0.0,0
dr._stephen_martin,0.0,0.0,0
bobby_flores,0.0,0.0,0
rachel_boone,0.0,0.0,0
lisa_kelly,0.0,0.0,0
rebecca_russo,0.0,0.0,0
laurie_wallace,0.0,0.0,0
tim_hoffman,0.0,0.0,0
kelly_rocha,0.0,0.0,0
linda_todd,0.0,0.0,0
amy_miller,0.0,0.0,0
brandon_meyer,0.0,0.0,0
rachel_robertson,0.0,0.0,0
daniel_shannon,0.0,0.0,0
jordan_alexander,0.0,0.0,0
karen_walker,0.0,0.0,0
patricia_reeves,0.0,0.0,0
thomas_cox,0.0,0.0,0
beverly_gay,0.0,0.0,0
zachary_austin,0.0,0.0,0
rachel_wilson,0.0,0.0,0
alexis_conrad,0.0,0.0,0
micheal_humphrey,0.0,0.0,0
jessica_mack,0.0,0.0,0
paul_zavala,0.0,0.0,0
alexa_hernandez,0.0,0.0,0
adrian_king,0.0,0.0,0
mason_deleon,0.0,0.0,0
frank_burns,0.0,0.0,0
barbara_nunez,0.0,0.0,0
emily_merritt,0.0,0.0,0
omar_barnett,0.0,0.0,0
mr._robert_lopez,0.0,0.0,0
bruce_zuniga,0.0,0.0,0
carl_rollins,0.0,0.0,0
robert_calderon,0.0,0.0,0
darrell_roberson,0.0,0.0,0
devin_mccarty,0.0,0.0,0
dale_fox,0.0,0.0,0
john_stewart,0.0,0.0,0
bryan_moore,0.0,0.0,0
victoria_hubbard,0.0,0.0,0
larry_franklin,0.0,0.0,0
matthew_bell,0.0,0.0,0
jessica_wade,0.0,0.0,0
heather_english,0.0,0.0,0
shannon_lester,0.0,0.0,0
charles_compton,0.0,0.0,0
rebecca_sandoval,0.0,0.0,0
mariah_smith_dds,0.0,0.0,0
jasmine_smith,0.0,0.0,0
michelle_smith,0.0,0.0,0
ashley_kemp,0.0,0.0,0
bryan_todd,0.0,0.0,0
lauren_thomas_phd,0.0,0.0,0
hannah_cooke,0.0,0.0,0
angelica_cohen,0.0,0.0,0
mark_smith,0.0,0.0,0
christopher_mendoza,0.0,0.0,0
heather_george,0.0,0.0,0
theresa_moore,0.0,0.0,0
danielle_marsh,0.0,0.0,0
carol_harris,0.0,0.0,0
joe_henderson,0.0,0.0,0
david_washington,0.0,0.0,0
nicole_stewart,0.0,0.0,0
barry_dickerson,0.0,0.0,0
kristi_stevens,0.0,0.0,0
chelsea_jimenez,0.0,0.0,0
edward_collins,0.0,0.0,0
richard_nelson,0.0,0.0,0
adrian_barnes_dds,0.0,0.0,0
annette_solis,0.0,0.0,0
chad_choi,0.0,0.0,0
jose_hicks,0.0,0.0,0
zachary_carter,0.0,0.0,0
paula_guerrero,0.0,0.0,0
scott_mitchell,0.0,0.0,0
kerry_johnson,0.0,0.0,0
robert_hays,0.0,0.0,0
austin_morrison,0.0,0.0,0
daniel_graham,0.0,0.0,0
erin_ortiz,0.0,0.0,0
victoria_williams,0.0,0.0,0
jody_martinez,0.0,0.0,0
tonya_ellison,0.0,0.0,0
destiny_martinez,0.0,0.0,0
garrett_mendez,0.0,0.0,0
samantha_sullivan,0.0,0.0,0
brianna_wong,0.0,0.0,0
joshua_houston,0.0,0.0,0
katherine_benson,0.0,0.0,0
jennifer_stephenson,0.0,0.0,0
christine_robertson,0.0,0.0,0
keith_morales,0.0,0.0,0
katherine_shaw,0.0,0.0,0
melissa_keller,0.0,0.0,0
james_cruz,0.0,0.0,0
jeremy_farmer_dds,0.0,0.0,0
